Rk,Player,Pos,Age,Tm,G,GS,MP,FG,FGA,FG%,3P,3PA,3P%,2P,2PA,2P%,eFG%,FT,FTA,FT%,ORB,DRB,TRB,AST,STL,BLK,TOV,PF,PTS,Year
18,Giannis Antetokounmpo,PF,24,MIL,72,72,32.8,10.0,17.3,.578,0.7,2.8,.256,9.3,14.5,.641,.599,6.9,9.5,.729,2.2,10.3,12.5,5.9,1.3,1.5,3.7,3.2,27.7,2019
40,Bradley Beal,SG,25,WAS,82,82,36.9,9.3,19.6,.475,2.5,7.3,.351,6.8,12.4,.548,.540,4.4,5.5,.808,1.1,3.9,5.0,5.5,1.5,0.7,2.7,2.8,25.6,2019
61,Devin Booker,SG,22,PHO,64,64,35.0,9.2,19.6,.467,2.1,6.5,.326,7.0,13.1,.536,.521,6.1,7.1,.866,0.6,3.5,4.1,6.8,0.9,0.2,4.1,3.1,26.6,2019
124,Stephen Curry,PG,30,GSW,69,69,33.8,9.2,19.4,.472,5.1,11.7,.437,4.0,7.7,.525,.604,3.8,4.2,.916,0.7,4.7,5.3,5.2,1.3,0.4,2.8,2.4,27.3,2019
126,Anthony Davis,C,25,NOP,56,56,33.0,9.5,18.3,.517,0.9,2.6,.331,8.6,15.7,.547,.540,6.1,7.7,.794,3.1,8.9,12.0,3.9,1.6,2.4,2.0,2.4,25.9,2019
150,Kevin Durant,SF,30,GSW,78,78,34.6,9.2,17.7,.521,1.8,5.0,.353,7.5,12.8,.587,.571,5.7,6.5,.885,0.4,5.9,6.4,5.9,0.7,1.1,2.9,2.0,26.0,2019
155,Joel Embiid,C,24,PHI,64,64,33.7,9.1,18.7,.484,1.2,4.1,.300,7.8,14.6,.535,.517,8.2,10.1,.804,2.5,11.1,13.6,3.7,0.7,1.9,3.5,3.3,27.5,2019
184,Paul George,SF,28,OKC,77,77,36.9,9.2,21.0,.438,3.8,9.8,.386,5.4,11.1,.484,.529,5.9,7.0,.839,1.4,6.8,8.2,4.1,2.2,0.4,2.7,2.8,28.0,2019
203,Blake Griffin,PF,29,DET,75,75,35.0,8.3,17.9,.462,2.5,7.0,.362,5.7,10.9,.525,.532,5.5,7.3,.753,1.3,6.2,7.5,5.4,0.7,0.4,3.4,2.7,24.5,2019
207,James Harden,PG,29,HOU,78,78,36.8,10.8,24.5,.442,4.8,13.2,.368,6.0,11.3,.528,.541,9.7,11.0,.879,0.8,5.8,6.6,7.5,2.0,0.7,5.0,3.1,36.1,2019
250,Kyrie Irving,PG,26,BOS,67,67,33.0,9.0,18.5,.487,2.6,6.5,.401,6.4,12.0,.533,.557,3.2,3.7,.873,1.1,3.9,5.0,6.9,1.5,0.5,2.6,2.5,23.8,2019
259,LeBron James,SF,34,LAL,55,55,35.2,10.1,19.9,.510,2.0,5.9,.339,8.1,14.0,.582,.560,5.1,7.6,.665,1.0,7.4,8.5,8.3,1.3,0.6,3.6,1.7,27.4,2019
294,Zach LaVine,SG,23,CHI,63,62,34.5,8.4,18.0,.467,1.9,5.1,.374,6.5,12.9,.504,.520,5.0,6.0,.832,0.6,4.0,4.7,4.5,1.0,0.4,3.4,2.2,23.7,2019
301,Kawhi Leonard,SF,27,TOR,60,60,34.0,9.3,18.8,.496,1.9,5.0,.371,7.5,13.8,.542,.546,6.1,7.1,.854,1.3,6.0,7.3,3.3,1.8,0.4,2.0,1.5,26.6,2019
305,Damian Lillard,PG,28,POR,80,80,35.5,8.5,19.2,.444,3.0,8.0,.369,5.6,11.1,.499,.522,5.9,6.4,.912,0.9,3.8,4.6,6.9,1.1,0.4,2.7,1.9,25.8,2019
354,Donovan Mitchell,SG,22,UTA,77,77,33.7,8.6,19.9,.432,2.4,6.7,.362,6.1,13.1,.468,.493,4.1,5.1,.806,0.8,3.3,4.1,4.2,1.4,0.4,2.8,2.7,23.8,2019
481,Karl-Anthony Towns,C,23,MIN,77,77,33.1,8.8,17.1,.518,1.8,4.6,.400,7.0,12.5,.562,.572,4.9,5.8,.836,3.4,9.0,12.4,3.4,0.9,1.6,3.1,3.8,24.4,2019
497,Kemba Walker,PG,28,CHO,82,82,34.9,8.9,20.5,.434,3.2,8.9,.356,5.7,11.6,.494,.511,4.6,5.5,.844,0.6,3.8,4.4,5.9,1.2,0.4,2.6,1.6,25.6,2019
506,Russell Westbrook,PG,30,OKC,73,73,36.0,8.6,20.2,.428,1.6,5.6,.290,7.0,14.5,.481,.468,4.1,6.2,.656,1.5,9.6,11.1,10.7,1.9,0.5,4.5,3.4,22.9,2019
13,Giannis Antetokounmpo,PF,25,MIL,63,63,30.4,10.9,19.7,.553,1.4,4.7,.304,9.5,15.0,.631,.589,6.3,10.0,.633,2.2,11.4,13.6,5.6,1.0,1.0,3.7,3.1,29.5,2020
35,Bradley Beal,SG,26,WAS,57,57,36.0,10.4,22.9,.455,3.0,8.4,.353,7.4,14.4,.515,.520,6.8,8.0,.842,0.9,3.3,4.2,6.1,1.2,0.4,3.4,2.2,30.5,2020
55,Devin Booker,SG,23,PHO,70,70,35.9,9.0,18.3,.489,2.0,5.7,.354,6.9,12.6,.549,.544,6.7,7.3,.919,0.4,3.8,4.2,6.5,0.7,0.3,3.8,3.0,26.6,2020
123,Anthony Davis,PF,26,LAL,62,62,34.4,8.9,17.7,.503,1.2,3.5,.330,7.7,14.2,.546,.536,7.2,8.5,.846,2.3,7.0,9.3,3.2,1.5,2.3,2.5,2.5,26.1,2020
134,Luka Dončić,PG,20,DAL,61,61,33.6,9.5,20.6,.463,2.8,8.9,.316,6.7,11.7,.574,.531,7.0,9.2,.758,1.3,8.1,9.4,8.8,1.0,0.2,4.3,2.5,28.8,2020
199,James Harden,SG,30,HOU,68,68,36.5,9.9,22.3,.444,4.4,12.4,.355,5.5,9.9,.556,.543,10.2,11.8,.865,1.0,5.5,6.6,7.5,1.8,0.9,4.5,3.3,34.3,2020
241,Brandon Ingram,PF,22,NOP,62,62,33.9,8.2,17.7,.463,2.4,6.2,.391,5.8,11.5,.501,.531,5.0,5.9,.851,0.8,5.3,6.1,4.2,1.0,0.6,3.0,2.9,23.8,2020
242,Kyrie Irving,PG,27,BRK,20,20,32.9,10.0,20.8,.478,2.8,7.1,.394,7.2,13.7,.522,.546,4.7,5.1,.922,1.1,4.1,5.2,6.4,1.4,0.5,2.6,2.7,27.4,2020
251,LeBron James,PG,35,LAL,67,67,34.6,9.6,19.4,.493,2.2,6.3,.348,7.4,13.1,.564,.550,3.9,5.7,.693,1.0,6.9,7.8,10.2,1.2,0.5,3.9,1.8,25.3,2020
286,Zach LaVine,SF,24,CHI,60,60,34.8,9.0,20.0,.450,3.1,8.1,.380,5.9,11.9,.497,.526,4.5,5.6,.802,0.7,4.1,4.8,4.2,1.5,0.5,3.4,2.2,25.5,2020
294,Kawhi Leonard,SF,28,LAC,57,57,32.4,9.3,19.9,.470,2.2,5.7,.378,7.2,14.2,.506,.524,6.2,7.1,.886,0.9,6.1,7.1,4.9,1.8,0.6,2.6,2.0,27.1,2020
297,Damian Lillard,PG,29,POR,66,66,37.5,9.5,20.4,.463,4.1,10.2,.401,5.4,10.2,.524,.563,7.0,7.8,.888,0.5,3.8,4.3,8.0,1.1,0.3,2.9,1.7,30.0,2020
343,Donovan Mitchell,SG,23,UTA,69,69,34.3,8.7,19.4,.449,2.5,6.9,.366,6.2,12.6,.494,.513,4.0,4.7,.863,0.8,3.6,4.4,4.3,1.0,0.2,2.7,2.5,24.0,2020
435,D'Angelo Russell,PG,23,GSW,33,33,32.1,8.3,19.2,.430,3.6,9.7,.374,4.6,9.5,.487,.524,3.4,4.4,.785,0.4,3.3,3.7,6.2,0.9,0.3,3.1,1.9,23.6,2020
477,Karl-Anthony Towns,C,24,MIN,35,35,33.9,9.0,17.8,.508,3.3,7.9,.412,5.8,9.9,.586,.600,5.1,6.5,.796,2.7,8.1,10.8,4.4,0.9,1.2,3.1,3.3,26.5,2020
506,Russell Westbrook,PG,31,HOU,57,57,35.9,10.6,22.5,.472,1.0,3.7,.258,9.6,18.7,.514,.493,5.1,6.7,.763,1.8,6.2,7.9,7.0,1.6,0.4,4.5,3.5,27.2,2020
525,Trae Young,PG,21,ATL,60,60,35.3,9.1,20.8,.437,3.4,9.5,.361,5.7,11.4,.501,.519,8.0,9.3,.860,0.5,3.7,4.3,9.3,1.1,0.1,4.8,1.7,29.6,2020
12,Giannis Antetokounmpo,PF,26,MIL,61,61,33.0,10.3,18.0,.569,1.1,3.6,.303,9.2,14.4,.636,.600,6.5,9.5,.685,1.6,9.4,11.0,5.9,1.2,1.2,3.4,2.8,28.1,2021
38,Bradley Beal,SG,27,WAS,60,60,35.8,11.2,23.0,.485,2.2,6.2,.349,9.0,16.8,.535,.532,6.8,7.7,.889,1.2,3.5,4.7,4.4,1.2,0.4,3.1,2.3,31.3,2021
58,Devin Booker,SG,24,PHO,67,67,33.9,9.3,19.2,.484,1.9,5.5,.340,7.4,13.7,.543,.533,5.1,5.9,.867,0.5,3.7,4.2,4.3,0.8,0.2,3.1,2.7,25.6,2021
74,Jaylen Brown,SG,24,BOS,58,58,34.5,9.3,19.2,.484,2.8,7.1,.397,6.5,12.1,.536,.558,3.3,4.3,.764,1.2,4.8,6.0,3.4,1.2,0.6,2.7,2.9,24.7,2021
116,Stephen Curry,PG,32,GSW,63,63,34.2,10.4,21.7,.482,5.3,12.7,.421,5.1,9.0,.569,.605,5.7,6.3,.916,0.5,5.0,5.5,5.8,1.2,0.1,3.4,1.9,32.0,2021
130,Luka Dončić,PG,21,DAL,66,66,34.3,9.8,20.5,.479,2.9,8.3,.350,6.9,12.2,.567,.550,5.2,7.1,.730,0.8,7.2,8.0,8.6,1.0,0.5,4.3,2.3,27.7,2021
140,Kevin Durant,PF,32,BRK,35,32,33.1,9.3,17.2,.537,2.4,5.4,.450,6.8,11.8,.577,.608,6.0,6.8,.882,0.4,6.7,7.1,5.6,0.7,1.3,3.4,2.0,26.9,2021
146,Joel Embiid,C,26,PHI,51,51,31.1,9.0,17.6,.513,1.1,3.0,.377,7.9,14.6,.541,.545,9.2,10.7,.859,2.2,8.4,10.6,2.8,1.0,1.4,3.1,2.4,28.5,2021
162,De'Aaron Fox,PG,23,SAC,58,58,35.1,9.1,19.1,.477,1.8,5.5,.322,7.3,13.6,.539,.523,5.2,7.2,.719,0.6,2.9,3.5,7.2,1.5,0.5,3.0,2.9,25.2,2021
174,Paul George,SF,30,LAC,54,54,33.7,8.2,17.6,.467,3.2,7.7,.411,5.1,9.9,.510,.557,3.7,4.2,.868,0.8,5.8,6.6,5.2,1.1,0.4,3.3,2.4,23.3,2021
177,Shai Gilgeous-Alexander,SG,22,OKC,35,35,33.7,8.2,16.1,.508,2.0,4.9,.418,6.2,11.3,.547,.571,5.3,6.5,.808,0.5,4.2,4.7,5.9,0.8,0.7,3.0,2.0,23.7,2021
201,James Harden,PG,31,TOT,44,43,36.6,7.8,16.7,.466,2.8,7.6,.362,5.0,9.1,.553,.548,6.3,7.3,.861,0.8,7.1,7.9,10.8,1.2,0.8,4.0,2.3,24.6,2021
201,James Harden,PG,31,HOU,8,8,36.3,7.5,16.9,.444,3.1,9.0,.347,4.4,7.9,.556,.537,6.6,7.5,.883,0.6,4.5,5.1,10.4,0.9,0.8,4.3,1.8,24.8,2021
201,James Harden,PG,31,BRK,36,35,36.6,7.8,16.6,.471,2.7,7.3,.366,5.2,9.4,.552,.551,6.3,7.3,.856,0.8,7.7,8.5,10.9,1.3,0.8,4.0,2.4,24.6,2021
243,Brandon Ingram,SF,23,NOP,61,61,34.3,8.4,18.0,.466,2.3,6.1,.381,6.1,11.9,.510,.531,4.6,5.2,.878,0.6,4.3,4.9,4.9,0.7,0.6,2.5,2.0,23.8,2021
244,Kyrie Irving,PG,28,BRK,54,54,34.9,10.2,20.1,.506,2.8,7.0,.402,7.4,13.1,.561,.576,3.7,4.0,.922,1.0,3.8,4.8,6.0,1.4,0.7,2.4,2.6,26.9,2021
252,LeBron James,PG,36,LAL,45,45,33.4,9.4,18.3,.513,2.3,6.3,.365,7.1,12.0,.591,.576,4.0,5.7,.698,0.6,7.0,7.7,7.8,1.1,0.6,3.7,1.6,25.0,2021
263,Nikola Jokić,C,25,DEN,72,72,34.6,10.2,18.0,.566,1.3,3.3,.388,8.9,14.7,.606,.602,4.8,5.5,.868,2.8,8.0,10.8,8.3,1.3,0.7,3.1,2.7,26.4,2021
286,Zach LaVine,SG,25,CHI,58,58,35.1,9.8,19.4,.507,3.4,8.2,.419,6.4,11.1,.571,.596,4.4,5.1,.849,0.6,4.4,5.0,4.9,0.8,0.5,3.5,2.4,27.4,2021
293,Kawhi Leonard,SF,29,LAC,52,52,34.1,8.9,17.5,.512,1.9,4.9,.398,7.0,12.6,.557,.568,5.0,5.7,.885,1.1,5.4,6.5,5.2,1.6,0.4,2.0,1.6,24.8,2021
297,Damian Lillard,PG,30,POR,67,67,35.8,9.0,19.9,.451,4.1,10.5,.391,4.9,9.4,.519,.554,6.7,7.2,.928,0.5,3.7,4.2,7.5,0.9,0.3,3.0,1.5,28.8,2021
348,Donovan Mitchell,PG,24,UTA,53,53,33.4,9.0,20.6,.438,3.4,8.7,.386,5.7,11.9,.476,.520,5.0,6.0,.845,0.9,3.5,4.4,5.2,1.0,0.3,2.8,2.2,26.4,2021
421,Julius Randle,PF,26,NYK,71,71,37.6,8.5,18.6,.456,2.3,5.5,.411,6.2,13.1,.474,.516,4.9,6.0,.811,1.2,9.0,10.2,6.0,0.9,0.3,3.4,3.2,24.1,2021
452,Collin Sexton,SG,22,CLE,60,60,35.3,8.8,18.4,.475,1.6,4.4,.371,7.1,14.0,.508,.519,5.2,6.4,.815,1.0,2.2,3.1,4.4,1.0,0.2,2.8,2.6,24.3,2021
473,Jayson Tatum,SF,22,BOS,64,64,35.8,9.5,20.6,.459,2.9,7.6,.386,6.5,13.0,.502,.530,4.6,5.3,.868,0.8,6.6,7.4,4.3,1.2,0.5,2.7,1.9,26.4,2021
491,Karl-Anthony Towns,C,25,MIN,50,50,33.8,8.5,17.5,.486,2.4,6.3,.387,6.1,11.2,.541,.555,5.3,6.2,.859,2.7,7.9,10.6,4.5,0.8,1.1,3.2,3.7,24.8,2021
504,Nikola Vučević,C,30,TOT,70,70,33.5,9.5,19.9,.477,2.5,6.3,.400,7.0,13.7,.513,.540,1.9,2.2,.840,2.1,9.6,11.7,3.8,0.9,0.7,1.8,2.0,23.4,2021
504,Nikola Vučević,C,30,ORL,44,44,34.1,9.9,20.6,.480,2.7,6.5,.406,7.3,14.1,.515,.545,2.1,2.5,.827,2.0,9.8,11.8,3.8,1.0,0.6,1.9,1.8,24.5,2021
528,Zion Williamson,PF,20,NOP,61,61,33.2,10.4,17.0,.611,0.2,0.6,.294,10.2,16.4,.622,.616,6.0,8.7,.698,2.7,4.5,7.2,3.7,0.9,0.6,2.7,2.2,27.0,2021
538,Trae Young,PG,22,ATL,63,63,33.7,7.7,17.7,.438,2.2,6.3,.343,5.6,11.3,.491,.499,7.7,8.7,.886,0.6,3.3,3.9,9.4,0.8,0.2,4.1,1.8,25.3,2021
12,Giannis Antetokounmpo,PF,27,MIL,67,67,32.9,10.3,18.6,.553,1.1,3.6,.293,9.2,15.0,.616,.582,8.3,11.4,.722,2.0,9.6,11.6,5.8,1.1,1.4,3.3,3.2,29.9,2022
41,Bradley Beal,SG,28,WAS,40,40,36.0,8.7,19.3,.451,1.6,5.3,.300,7.1,14.0,.508,.492,4.2,5.1,.833,1.0,3.8,4.7,6.6,0.9,0.4,3.4,2.4,23.2,2022
59,Devin Booker,SG,25,PHO,68,68,34.5,9.7,20.9,.466,2.7,7.0,.383,7.0,13.9,.508,.530,4.6,5.3,.868,0.7,4.4,5.0,4.8,1.1,0.4,2.4,2.6,26.8,2022
76,Jaylen Brown,SF,25,BOS,66,66,33.6,8.7,18.4,.473,2.5,7.0,.358,6.2,11.4,.544,.541,3.7,4.8,.758,0.8,5.3,6.1,3.5,1.1,0.3,2.7,2.5,23.6,2022
126,Stephen Curry,PG,33,GSW,64,64,34.5,8.4,19.1,.437,4.5,11.7,.380,3.9,7.4,.527,.554,4.3,4.7,.923,0.5,4.7,5.2,6.3,1.3,0.4,3.2,2.0,25.5,2022
127,Anthony Davis,C,28,LAL,40,40,35.1,9.3,17.4,.532,0.3,1.8,.186,8.9,15.6,.571,.542,4.4,6.1,.713,2.7,7.2,9.9,3.1,1.2,2.3,2.1,2.4,23.2,2022
134,DeMar DeRozan,PF,32,CHI,76,76,36.1,10.2,20.2,.504,0.7,1.9,.352,9.5,18.3,.520,.521,6.8,7.8,.877,0.7,4.4,5.2,4.9,0.9,0.3,2.4,2.3,27.9,2022
141,Luka Dončić,PG,22,DAL,65,65,35.4,9.9,21.6,.457,3.1,8.8,.353,6.8,12.8,.528,.529,5.6,7.5,.744,0.9,8.3,9.1,8.7,1.2,0.6,4.5,2.2,28.4,2022
154,Kevin Durant,PF,33,BRK,55,55,37.2,10.5,20.3,.518,2.1,5.5,.383,8.4,14.8,.568,.570,6.8,7.4,.910,0.5,6.9,7.4,6.4,0.9,0.9,3.5,2.1,29.9,2022
162,Joel Embiid,C,27,PHI,68,68,33.8,9.8,19.6,.499,1.4,3.7,.371,8.4,15.9,.529,.534,9.6,11.8,.814,2.1,9.6,11.7,4.2,1.1,1.5,3.1,2.7,30.6,2022
175,De'Aaron Fox,PG,24,SAC,59,59,35.3,8.7,18.5,.473,1.3,4.2,.297,7.5,14.3,.524,.506,4.4,5.9,.750,0.4,3.5,3.9,5.6,1.2,0.4,2.8,2.9,23.2,2022
184,Darius Garland,PG,22,CLE,68,68,35.7,8.0,17.3,.462,2.6,6.7,.383,5.4,10.6,.512,.536,3.2,3.5,.892,0.6,2.7,3.3,8.6,1.3,0.1,3.6,1.7,21.7,2022
189,Paul George,PF,31,LAC,31,31,34.7,8.6,20.5,.421,2.9,8.3,.354,5.7,12.2,.467,.493,4.1,4.8,.858,0.4,6.5,6.9,5.7,2.2,0.4,4.1,2.4,24.3,2022
192,Shai Gilgeous-Alexander,PG,23,OKC,56,56,34.7,8.5,18.8,.453,1.6,5.3,.300,6.9,13.5,.514,.496,5.9,7.2,.810,0.7,4.3,5.0,5.9,1.3,0.8,2.8,2.5,24.5,2022
218,James Harden,PG,32,TOT,65,65,37.2,6.3,15.3,.410,2.3,6.9,.330,4.0,8.4,.476,.485,7.2,8.2,.877,0.8,6.8,7.7,10.3,1.3,0.6,4.4,2.4,22.0,2022
218,James Harden,PG,32,BRK,44,44,37.0,6.6,16.0,.414,2.3,7.0,.332,4.3,9.1,.476,.486,6.9,8.0,.869,1.0,7.0,8.0,10.2,1.3,0.7,4.8,2.4,22.5,2022
265,Brandon Ingram,SF,24,NOP,55,55,34.0,8.2,17.9,.461,1.3,4.1,.327,6.9,13.8,.501,.498,4.8,5.9,.826,0.6,5.2,5.8,5.6,0.6,0.5,2.7,2.2,22.7,2022
266,Kyrie Irving,PG,29,BRK,29,29,37.6,10.0,21.2,.469,3.4,8.2,.418,6.5,13.0,.501,.550,4.1,4.4,.915,0.6,3.8,4.4,5.8,1.4,0.6,2.5,2.8,27.4,2022
274,LeBron James,C,37,LAL,56,56,37.2,11.4,21.8,.524,2.9,8.0,.359,8.6,13.8,.620,.590,4.5,6.0,.756,1.1,7.1,8.2,6.2,1.3,1.1,3.5,2.2,30.3,2022
290,Nikola Jokić,C,26,DEN,74,74,33.5,10.3,17.7,.583,1.3,3.9,.337,9.0,13.8,.652,.620,5.1,6.3,.810,2.8,11.0,13.8,7.9,1.5,0.9,3.8,2.6,27.1,2022
324,Zach LaVine,SG,26,CHI,67,67,34.7,8.4,17.7,.476,2.8,7.1,.389,5.7,10.6,.534,.554,4.8,5.6,.853,0.3,4.3,4.6,4.5,0.6,0.3,2.6,1.8,24.4,2022
332,Damian Lillard,PG,31,POR,29,29,36.4,7.7,19.0,.402,3.2,9.8,.324,4.5,9.2,.485,.486,5.5,6.2,.878,0.4,3.7,4.1,7.3,0.6,0.4,2.9,1.3,24.0,2022
362,CJ McCollum,SG-PG,30,TOT,62,62,34.6,8.6,18.8,.460,2.9,7.6,.388,5.7,11.2,.509,.539,1.9,2.7,.682,0.9,3.5,4.3,5.1,1.1,0.4,2.0,2.0,22.1,2022
362,CJ McCollum,PG,30,NOP,26,26,33.8,9.5,19.2,.493,2.7,6.9,.394,6.7,12.3,.549,.564,2.6,3.9,.667,0.7,3.7,4.5,5.8,1.3,0.0,2.2,1.7,24.3,2022
383,Donovan Mitchell,SG,25,UTA,67,67,33.8,9.2,20.5,.448,3.5,9.8,.355,5.7,10.8,.533,.533,4.0,4.7,.853,0.8,3.4,4.2,5.3,1.5,0.2,3.0,2.4,25.9,2022
390,Ja Morant,PG,22,MEM,57,57,33.1,10.2,20.6,.493,1.5,4.5,.344,8.6,16.2,.534,.530,5.5,7.3,.761,1.4,4.4,5.7,6.7,1.2,0.4,3.4,1.5,27.4,2022
455,Kristaps Porziņģis,PF,26,WAS,17,17,28.2,7.2,15.2,.475,1.7,4.6,.367,5.5,10.6,.522,.531,5.9,6.8,.871,2.2,6.6,8.8,2.9,0.7,1.5,1.6,2.9,22.1,2022
501,Pascal Siakam,PF,27,TOR,68,68,37.9,8.8,17.8,.494,1.1,3.2,.344,7.7,14.5,.527,.525,4.2,5.6,.749,1.9,6.6,8.5,5.3,1.3,0.6,2.7,3.3,22.8,2022
526,Jayson Tatum,SF,23,BOS,76,76,35.9,9.3,20.6,.453,3.0,8.6,.353,6.3,12.0,.524,.526,5.3,6.2,.853,1.1,6.9,8.0,4.4,1.0,0.6,2.9,2.3,26.9,2022
546,Karl-Anthony Towns,C,26,MIN,74,74,33.5,8.7,16.4,.529,2.0,4.9,.410,6.6,11.5,.580,.591,5.2,6.3,.822,2.6,7.2,9.8,3.6,1.0,1.1,3.1,3.6,24.6,2022
602,Trae Young,PG,23,ATL,76,76,34.9,9.4,20.3,.460,3.1,8.0,.382,6.3,12.3,.512,.536,6.6,7.3,.904,0.7,3.1,3.7,9.7,0.9,0.1,4.0,1.7,28.4,2022
11,Giannis Antetokounmpo,PF,28,MIL,63,63,32.1,11.2,20.3,.553,0.7,2.7,.275,10.5,17.6,.596,.572,7.9,12.3,.645,2.2,9.6,11.8,5.7,0.8,0.8,3.9,3.1,31.1,2023
21,LaMelo Ball,PG,21,CHO,36,36,35.2,8.2,20.0,.411,4.0,10.6,.376,4.2,9.4,.450,.510,2.8,3.4,.836,1.2,5.3,6.4,8.4,1.3,0.3,3.6,3.3,23.3,2023
35,Bradley Beal,SG,29,WAS,50,50,33.5,8.9,17.6,.506,1.6,4.4,.365,7.3,13.2,.552,.551,3.8,4.6,.842,0.8,3.1,3.9,5.4,0.9,0.7,2.9,2.1,23.2,2023
49,Devin Booker,SG,26,PHO,53,53,34.6,9.9,20.1,.494,2.1,6.0,.351,7.8,14.2,.554,.546,5.8,6.8,.855,0.9,3.7,4.5,5.5,1.0,0.3,2.7,3.0,27.8,2023
58,Mikal Bridges,SG,26,BRK,27,27,34.2,8.9,18.6,.475,2.5,6.7,.376,6.3,11.9,.531,.543,5.9,6.6,.894,0.9,3.6,4.5,2.7,1.0,0.6,1.8,1.6,26.1,2023
64,Jaylen Brown,SF,26,BOS,67,67,35.9,10.1,20.6,.491,2.4,7.3,.335,7.7,13.4,.576,.550,3.9,5.1,.765,1.2,5.7,6.9,3.5,1.1,0.4,2.9,2.6,26.6,2023
69,Jalen Brunson,PG,26,NYK,68,68,35.0,8.6,17.6,.491,2.0,4.7,.416,6.7,12.8,.519,.547,4.8,5.8,.829,0.6,3.0,3.5,6.2,0.9,0.2,2.1,2.2,24.0,2023
75,Jimmy Butler,PF,33,MIA,64,64,33.4,7.5,13.9,.539,0.6,1.6,.350,6.9,12.3,.564,.560,7.4,8.7,.850,2.2,3.7,5.9,5.3,1.8,0.3,1.6,1.3,22.9,2023
108,Stephen Curry,PG,34,GSW,56,56,34.7,10.0,20.2,.493,4.9,11.4,.427,5.1,8.8,.579,.614,4.6,5.0,.915,0.7,5.4,6.1,6.3,0.9,0.4,3.2,2.1,29.4,2023
110,Anthony Davis,C,29,LAL,56,54,34.0,9.7,17.2,.563,0.3,1.3,.257,9.3,15.9,.589,.573,6.2,7.9,.784,3.5,9.1,12.5,2.6,1.1,2.0,2.2,2.6,25.9,2023
117,DeMar DeRozan,SF,33,CHI,74,74,36.2,8.9,17.6,.504,0.6,1.9,.324,8.3,15.7,.526,.522,6.2,7.1,.872,0.5,4.2,4.6,5.1,1.1,0.5,2.1,2.5,24.5,2023
125,Luka Dončić,PG,23,DAL,66,66,36.2,10.9,22.0,.496,2.8,8.2,.342,8.1,13.8,.588,.560,7.8,10.5,.742,0.8,7.8,8.6,8.0,1.4,0.5,3.6,2.5,32.4,2023
137,Kevin Durant,PF,34,TOT,47,47,35.6,10.3,18.3,.560,2.0,4.9,.404,8.3,13.4,.617,.614,6.5,7.1,.919,0.4,6.3,6.7,5.0,0.7,1.4,3.3,2.1,29.1,2023
137,Kevin Durant,PF,34,BRK,39,39,36.0,10.5,18.8,.559,1.8,4.8,.376,8.7,14.0,.622,.607,6.8,7.3,.934,0.4,6.4,6.7,5.3,0.8,1.5,3.5,2.4,29.7,2023
137,Kevin Durant,PF,34,PHO,8,8,33.6,9.1,16.0,.570,2.8,5.1,.537,6.4,10.9,.586,.656,5.0,6.0,.833,0.4,6.0,6.4,3.5,0.3,1.3,2.5,0.9,26.0,2023
140,Anthony Edwards,SG,21,MIN,79,79,36.0,8.9,19.5,.459,2.7,7.3,.369,6.3,12.2,.513,.528,4.0,5.3,.756,0.6,5.2,5.8,4.4,1.6,0.7,3.3,2.4,24.6,2023
143,Joel Embiid,C,28,PHI,66,66,34.6,11.0,20.1,.548,1.0,3.0,.330,10.0,17.1,.587,.573,10.0,11.7,.857,1.7,8.4,10.2,4.2,1.0,1.7,3.4,3.1,33.1,2023
153,De'Aaron Fox,PG,25,SAC,73,73,33.4,9.3,18.2,.512,1.6,5.0,.324,7.7,13.2,.584,.557,4.7,6.0,.780,0.5,3.6,4.2,6.1,1.1,0.3,2.5,2.4,25.0,2023
161,Paul George,SF,32,LAC,56,56,34.6,8.2,17.9,.457,2.8,7.6,.371,5.4,10.3,.521,.536,4.6,5.3,.871,0.8,5.3,6.1,5.1,1.5,0.4,3.1,2.8,23.8,2023
164,Shai Gilgeous-Alexander,PG,24,OKC,68,68,35.5,10.4,20.3,.510,0.9,2.5,.345,9.5,17.8,.533,.531,9.8,10.9,.905,0.9,4.0,4.8,5.5,1.6,1.0,2.8,2.8,31.4,2023
229,Brandon Ingram,SF,25,NOP,45,45,34.2,9.0,18.6,.484,1.4,3.6,.390,7.6,14.9,.507,.522,5.3,6.0,.882,0.5,5.0,5.5,5.8,0.7,0.4,3.3,2.6,24.7,2023
230,Kyrie Irving,PG-SG,30,TOT,60,60,37.4,9.9,20.1,.494,3.1,8.3,.379,6.8,11.8,.574,.572,4.1,4.6,.905,1.0,4.1,5.1,5.5,1.1,0.8,2.1,2.8,27.1,2023
230,Kyrie Irving,PG,30,BRK,40,40,37.0,10.0,20.5,.486,3.3,8.7,.374,6.7,11.8,.569,.565,4.0,4.5,.883,1.0,4.2,5.1,5.3,1.0,0.8,2.3,2.7,27.1,2023
230,Kyrie Irving,SG,30,DAL,20,20,38.2,9.8,19.2,.510,2.9,7.4,.392,6.9,11.8,.585,.586,4.5,4.7,.947,1.1,4.0,5.0,6.0,1.3,0.6,1.9,2.8,27.0,2023
239,LeBron James,PF,38,LAL,55,54,35.5,11.1,22.2,.500,2.2,6.9,.321,8.9,15.3,.580,.549,4.6,5.9,.768,1.2,7.1,8.3,6.8,0.9,0.6,3.2,1.6,28.9,2023
249,Nikola Jokić,C,27,DEN,69,69,33.7,9.4,14.8,.632,0.8,2.2,.383,8.5,12.7,.675,.660,4.9,6.0,.822,2.4,9.4,11.8,9.8,1.3,0.7,3.6,2.5,24.5,2023
283,Zach LaVine,SG,27,CHI,77,77,35.9,8.7,18.0,.485,2.6,7.1,.375,6.1,11.0,.556,.558,4.7,5.6,.848,0.5,3.9,4.5,4.2,0.9,0.2,2.5,2.1,24.8,2023
288,Kawhi Leonard,SF,31,LAC,52,50,33.6,8.6,16.8,.512,2.0,4.8,.416,6.6,11.9,.551,.572,4.7,5.4,.871,1.1,5.4,6.5,3.9,1.4,0.5,1.7,1.6,23.8,2023
292,Damian Lillard,PG,32,POR,58,58,36.3,9.6,20.7,.463,4.2,11.3,.371,5.4,9.4,.574,.564,8.8,9.6,.914,0.8,4.0,4.8,7.3,0.9,0.3,3.3,1.9,32.2,2023
307,Lauri Markkanen,PF,25,UTA,66,66,34.4,8.7,17.3,.499,3.0,7.7,.391,5.6,9.6,.585,.586,5.3,6.0,.875,2.0,6.7,8.6,1.9,0.6,0.6,1.9,2.1,25.6,2023
338,Donovan Mitchell,SG,26,CLE,68,68,35.8,10.0,20.6,.484,3.6,9.3,.386,6.4,11.3,.566,.572,4.7,5.4,.867,0.9,3.3,4.3,4.4,1.5,0.4,2.6,2.5,28.3,2023
346,Ja Morant,PG,23,MEM,61,59,31.9,9.3,19.9,.466,1.5,4.9,.307,7.8,15.0,.519,.504,6.1,8.1,.748,1.0,4.9,5.9,8.1,1.1,0.3,3.4,1.6,26.2,2023
393,Kristaps Porziņģis,C,27,WAS,65,65,32.6,7.8,15.7,.498,2.1,5.5,.385,5.7,10.2,.559,.565,5.4,6.4,.851,1.8,6.6,8.4,2.7,0.9,1.5,2.1,3.0,23.2,2023
405,Julius Randle,PF,28,NYK,77,77,35.5,8.5,18.6,.459,2.8,8.3,.343,5.7,10.3,.553,.536,5.2,6.9,.757,1.8,8.1,10.0,4.1,0.6,0.3,2.8,3.0,25.1,2023
442,Pascal Siakam,PF,28,TOR,71,71,37.4,8.9,18.5,.480,1.3,4.0,.324,7.6,14.5,.523,.515,5.2,6.7,.774,1.8,6.0,7.8,5.8,0.9,0.5,2.4,3.2,24.2,2023
465,Jayson Tatum,SF,24,BOS,74,74,36.9,9.8,21.1,.466,3.2,9.3,.350,6.6,11.8,.558,.543,7.2,8.4,.854,1.1,7.7,8.8,4.6,1.1,0.7,2.9,2.2,30.1,2023
527,Zion Williamson,PF,22,NOP,29,29,33.0,9.8,16.2,.608,0.2,0.7,.368,9.6,15.5,.618,.615,6.1,8.6,.714,2.0,5.0,7.0,4.6,1.1,0.6,3.4,2.2,26.0,2023
536,Trae Young,PG,24,ATL,73,73,34.8,8.2,19.0,.429,2.1,6.3,.335,6.1,12.7,.476,.485,7.8,8.8,.886,0.8,2.2,3.0,10.2,1.1,0.1,4.1,1.4,26.2,2023
11,Giannis Antetokounmpo,PF,29,MIL,73,73,35.2,11.5,18.8,.611,0.5,1.7,.274,11.0,17.1,.645,.624,7.0,10.7,.657,2.7,8.8,11.5,6.5,1.2,1.1,3.4,2.9,30.4,2024
23,LaMelo Ball,PG,22,CHO,22,22,32.3,8.3,19.2,.433,3.2,9.0,.355,5.1,10.3,.500,.515,4.1,4.7,.865,1.3,3.8,5.1,8.0,1.8,0.2,3.8,3.6,23.9,2024
25,Paolo Banchero,PF,21,ORL,80,80,35.0,8.0,17.6,.455,1.5,4.4,.339,6.5,13.2,.493,.497,5.1,7.0,.725,1.0,5.9,6.9,5.4,0.9,0.6,3.1,1.9,22.6,2024
26,Desmond Bane,SG,25,MEM,42,42,34.4,8.6,18.5,.464,3.3,8.6,.381,5.3,9.9,.536,.552,3.3,3.8,.870,0.9,3.5,4.4,5.5,1.0,0.5,2.7,2.9,23.7,2024
54,Devin Booker,PG,27,PHO,68,68,36.0,9.4,19.2,.492,2.2,6.1,.364,7.2,13.0,.552,.550,6.0,6.7,.886,0.8,3.7,4.5,6.9,0.9,0.4,2.6,3.0,27.1,2024
71,Jaylen Brown,SF,27,BOS,70,70,33.5,9.0,17.9,.499,2.1,5.9,.354,6.9,12.1,.570,.557,3.0,4.3,.703,1.2,4.3,5.5,3.6,1.2,0.5,2.4,2.6,23.0,2024
76,Jalen Brunson,PG,27,NYK,77,77,35.4,10.3,21.4,.479,2.7,6.8,.401,7.5,14.6,.516,.543,5.5,6.5,.847,0.6,3.1,3.6,6.7,0.9,0.2,2.4,1.9,28.7,2024
112,Cade Cunningham,PG,22,DET,62,62,33.5,8.5,18.8,.449,1.9,5.4,.355,6.5,13.4,.487,.500,3.8,4.4,.869,0.5,3.8,4.3,7.5,0.9,0.4,3.4,2.5,22.7,2024
114,Stephen Curry,PG,35,GSW,74,74,32.7,8.8,19.5,.450,4.8,11.8,.408,4.0,7.7,.515,.573,4.0,4.4,.923,0.5,4.0,4.5,5.1,0.7,0.4,2.8,1.6,26.4,2024
116,Anthony Davis,C,30,LAL,76,76,35.5,9.4,16.9,.556,0.4,1.4,.271,9.0,15.5,.582,.567,5.5,6.8,.816,3.1,9.5,12.6,3.5,1.2,2.3,2.1,2.3,24.7,2024
120,DeMar DeRozan,SF,34,CHI,79,79,37.8,8.2,17.2,.480,0.9,2.8,.333,7.3,14.3,.509,.507,6.6,7.7,.853,0.5,3.8,4.3,5.3,1.1,0.6,1.7,2.0,24.0,2024
128,Luka Dončić,PG,24,DAL,70,70,37.5,11.5,23.6,.487,4.1,10.6,.382,7.4,13.0,.573,.573,6.8,8.7,.786,0.8,8.4,9.2,9.8,1.4,0.5,4.0,2.1,33.9,2024
137,Kevin Durant,PF,35,PHO,75,75,37.2,10.0,19.1,.523,2.2,5.4,.413,7.8,13.7,.567,.581,4.8,5.6,.856,0.5,6.1,6.6,5.0,0.9,1.2,3.3,1.8,27.1,2024
140,Anthony Edwards,SG,22,MIN,79,78,35.1,9.1,19.7,.461,2.4,6.7,.357,6.7,13.0,.515,.522,5.4,6.4,.836,0.7,4.8,5.4,5.1,1.3,0.5,3.1,1.8,25.9,2024
143,Joel Embiid,C,29,PHI,39,39,33.6,11.5,21.8,.529,1.4,3.6,.388,10.2,18.3,.556,.561,10.2,11.6,.883,2.4,8.6,11.0,5.6,1.2,1.7,3.8,2.9,34.7,2024
155,De'Aaron Fox,PG,26,SAC,74,74,35.9,9.7,20.9,.465,2.9,7.8,.369,6.8,13.1,.522,.534,4.2,5.7,.738,0.9,3.7,4.6,5.6,2.0,0.4,2.6,2.6,26.6,2024
168,Paul George,PF,33,LAC,74,74,33.8,7.9,16.7,.471,3.3,7.9,.413,4.6,8.8,.523,.569,3.6,3.9,.907,0.5,4.7,5.2,3.5,1.5,0.5,2.1,2.7,22.6,2024
172,Shai Gilgeous-Alexander,PG,25,OKC,75,75,34.0,10.6,19.8,.535,1.3,3.6,.353,9.3,16.2,.576,.567,7.6,8.7,.874,0.9,4.7,5.5,6.2,2.0,0.9,2.2,2.5,30.1,2024
239,Kyrie Irving,SG,31,DAL,58,58,35.0,9.7,19.5,.497,3.0,7.3,.411,6.7,12.2,.548,.573,3.3,3.6,.905,0.8,4.2,5.0,5.2,1.3,0.5,1.8,1.9,25.6,2024
250,LeBron James,PF,39,LAL,71,71,35.3,9.6,17.9,.540,2.1,5.1,.410,7.5,12.8,.592,.599,4.3,5.7,.750,0.9,6.4,7.3,8.3,1.3,0.5,3.5,1.1,25.7,2024
263,Nikola Jokić,C,28,DEN,79,79,34.6,10.4,17.9,.583,1.1,2.9,.359,9.4,14.9,.626,.612,4.5,5.5,.817,2.8,9.5,12.4,9.0,1.4,0.9,3.0,2.5,26.4,2024
293,Kawhi Leonard,SF,32,LAC,68,68,34.3,9.0,17.1,.525,2.1,4.9,.417,6.9,12.1,.569,.585,3.7,4.2,.885,1.2,4.9,6.1,3.6,1.6,0.9,1.8,1.4,23.7,2024
298,Damian Lillard,PG,33,MIL,73,73,35.3,7.4,17.5,.424,3.0,8.5,.354,4.4,9.0,.490,.510,6.5,7.0,.920,0.5,3.9,4.4,7.0,1.0,0.2,2.6,1.8,24.3,2024
316,Lauri Markkanen,PF,26,UTA,55,55,33.1,7.8,16.2,.480,3.2,8.0,.399,4.6,8.2,.559,.578,4.5,5.0,.899,2.2,5.9,8.2,2.0,0.9,0.5,1.4,1.8,23.2,2024
324,Tyrese Maxey,PG,23,PHI,70,70,37.5,9.1,20.3,.450,3.0,8.1,.373,6.1,12.1,.501,.524,4.7,5.4,.868,0.5,3.2,3.7,6.2,1.0,0.5,1.7,2.2,25.9,2024
350,Donovan Mitchell,SG,27,CLE,55,55,35.3,9.1,19.8,.462,3.3,9.0,.368,5.8,10.8,.539,.545,5.0,5.8,.865,0.8,4.3,5.1,6.1,1.8,0.5,2.8,2.1,26.6,2024
358,Ja Morant,PG,24,MEM,9,9,35.3,8.9,18.9,.471,1.6,5.7,.275,7.3,13.2,.555,.512,5.8,7.1,.813,0.7,4.9,5.6,8.1,0.8,0.6,3.0,2.1,25.1,2024
423,Julius Randle,PF,29,NYK,46,46,35.4,8.6,18.2,.472,1.7,5.3,.311,6.9,12.9,.539,.518,5.1,6.6,.781,2.2,7.0,9.2,5.0,0.5,0.3,3.5,2.7,24.0,2024
440,Terry Rozier,SG,29,CHO,30,30,35.5,8.4,18.3,.459,2.8,7.7,.358,5.6,10.6,.533,.535,3.6,4.3,.845,0.6,3.3,3.9,6.6,1.1,0.4,2.2,1.7,23.2,2024
465,Anfernee Simons,SG,24,POR,46,46,34.4,7.8,18.2,.430,3.4,8.8,.385,4.4,9.4,.472,.523,3.5,3.9,.916,0.5,3.2,3.6,5.5,0.5,0.1,2.7,2.1,22.6,2024
489,Jayson Tatum,PF,25,BOS,74,74,35.7,9.1,19.3,.471,3.1,8.2,.376,6.0,11.0,.542,.552,5.6,6.7,.833,0.9,7.2,8.1,4.9,1.0,0.6,2.5,2.0,26.9,2024
560,Zion Williamson,PF,23,NOP,70,70,31.5,8.9,15.6,.570,0.1,0.3,.333,8.8,15.4,.574,.573,5.0,7.1,.702,1.7,4.1,5.8,5.0,1.1,0.7,2.8,2.3,22.9,2024
569,Trae Young,PG,25,ATL,54,54,36.0,8.0,18.7,.430,3.2,8.7,.373,4.8,10.0,.479,.516,6.4,7.5,.855,0.4,2.3,2.8,10.8,1.3,0.2,4.4,2.0,25.7,2024
